{
  "annualized_return": 110.83420327557288,
  "annualized_volatility": 0.44672090512929014,
  "calmar_ratio": 4322.533927747376,
  "max_drawdown": -0.02564102564102544,
  "sharpe_ratio": 10.8801027330419,
  "total_return": 0.14000000000000057
}