{
  "annualized_return": 3.58532009202811,
  "annualized_volatility": 0.13816853344994012,
  "calmar_ratio": 0.0,
  "max_drawdown": 0.0,
  "sharpe_ratio": 11.123387124877986,
  "total_return": 0.043209130279842745
}