{
  "annualized_return": 6.003569626572564,
  "annualized_volatility": 0.3064080656367046,
  "calmar_ratio": 234.13921543633083,
  "max_drawdown": -0.02564102564102555,
  "sharpe_ratio": 6.529296403822247,
  "total_return": 0.05555555555555558
}